{"cameraMode":{"drawMode":2,"name":"Shaded Wireframe","section":"Shading Mode"},"sceneLighting":true,"audioPlay":false,"sceneViewState":{"showFog":true,"showMaterialUpdate":false,"showSkybox":true,"showFlares":true,"showImageEffects":true,"showParticleSystems":true},"in2DMode":false,"pivot":{"x":9.235121726989746,"y":1.6369190216064454,"z":4.226660251617432},"rotation":{"x":-0.6306209564208984,"y":-0.026052668690681459,"z":0.02118929848074913,"w":-0.775368869304657},"size":30.553741455078126,"orthographic":false}