{"cameraMode":{"drawMode":2,"name":"Shaded Wireframe","section":"Shading Mode"},"sceneLighting":true,"audioPlay":false,"sceneViewState":{"showFog":true,"showMaterialUpdate":false,"showSkybox":true,"showFlares":true,"showImageEffects":true,"showParticleSystems":true},"in2DMode":false,"pivot":{"x":-43.05512237548828,"y":-4.699562072753906,"z":16.81735610961914},"rotation":{"x":0.08288604021072388,"y":-0.7180358171463013,"z":0.08680316805839539,"w":0.6855972409248352},"size":108.93236541748047,"orthographic":false}