{"cameraMode":{"drawMode":2,"name":"Shaded Wireframe","section":"Shading Mode"},"sceneLighting":true,"audioPlay":false,"sceneViewState":{"showFog":true,"showMaterialUpdate":false,"showSkybox":true,"showFlares":true,"showImageEffects":true,"showParticleSystems":true},"in2DMode":false,"pivot":{"x":23.294387817382814,"y":-172.1861572265625,"z":46.724727630615237},"rotation":{"x":0.4425143897533417,"y":-0.5317920446395874,"z":0.38567423820495608,"w":0.6105080246925354},"size":226.05734252929688,"orthographic":false}