{"cameraMode":{"drawMode":0,"name":"Shaded","section":"Shading Mode"},"sceneLighting":false,"audioPlay":false,"sceneViewState":{"showFog":true,"showMaterialUpdate":false,"showSkybox":false,"showFlares":true,"showImageEffects":true,"showParticleSystems":true},"in2DMode":false,"pivot":{"x":652.0000610351563,"y":373.7404479980469,"z":-4.907426834106445},"rotation":{"x":-0.05303940922021866,"y":0.9468570947647095,"z":-0.21702076494693757,"w":-0.23140987753868104},"size":29.745798110961915,"orthographic":false}