{"cameraMode":{"drawMode":0,"name":"Shaded","section":"Shading Mode"},"sceneLighting":true,"audioPlay":false,"sceneViewState":{"showFog":true,"showMaterialUpdate":false,"showSkybox":true,"showFlares":true,"showImageEffects":true,"showParticleSystems":true},"in2DMode":false,"pivot":{"x":1313.9287109375,"y":16.76464080810547,"z":455.6497497558594},"rotation":{"x":0.6871121525764465,"y":0.0015160813927650452,"z":-0.0014618027489632369,"w":0.7265628576278687},"size":563.0538940429688,"orthographic":false}