{"cameraMode":{"drawMode":0,"name":"Shaded","section":"Shading Mode"},"sceneLighting":true,"audioPlay":false,"sceneViewState":{"showFog":true,"showMaterialUpdate":false,"showSkybox":true,"showFlares":true,"showImageEffects":true,"showParticleSystems":true},"in2DMode":false,"pivot":{"x":433.11761474609377,"y":-282.5393371582031,"z":702.7855224609375},"rotation":{"x":0.3911491930484772,"y":0.15403082966804505,"z":-0.06658611446619034,"w":0.9049063324928284},"size":678.193115234375,"orthographic":false}