{"cameraMode":{"drawMode":0,"name":"Shaded","section":"Shading Mode"},"sceneLighting":true,"audioPlay":false,"sceneViewState":{"showFog":true,"showMaterialUpdate":false,"showSkybox":true,"showFlares":true,"showImageEffects":true,"showParticleSystems":true},"in2DMode":false,"pivot":{"x":40.06767272949219,"y":15.16965103149414,"z":23.30113983154297},"rotation":{"x":0.4473411440849304,"y":0.009384420700371266,"z":-0.004700168501585722,"w":0.8943217992782593},"size":76.13865661621094,"orthographic":false}