{"cameraMode":{"drawMode":2,"name":"Shaded Wireframe","section":"Shading Mode"},"sceneLighting":true,"audioPlay":false,"sceneViewState":{"showFog":true,"showMaterialUpdate":false,"showSkybox":true,"showFlares":true,"showImageEffects":true,"showParticleSystems":true},"in2DMode":false,"pivot":{"x":57.4000129699707,"y":1.9799957275390626,"z":22.303768157958986},"rotation":{"x":0.35817408561706545,"y":0.005893485154956579,"z":-0.002260236768051982,"w":0.933660089969635},"size":165.9609375,"orthographic":false}