{"cameraMode":{"drawMode":2,"name":"Shaded Wireframe","section":"Shading Mode"},"sceneLighting":true,"audioPlay":false,"sceneViewState":{"showFog":true,"showMaterialUpdate":false,"showSkybox":true,"showFlares":true,"showImageEffects":true,"showParticleSystems":true},"in2DMode":false,"pivot":{"x":52.141239166259769,"y":-11.140822410583496,"z":22.568748474121095},"rotation":{"x":0.30853673815727236,"y":-0.3708796203136444,"z":0.13223019242286683,"w":0.8659393191337586},"size":95.97628021240235,"orthographic":false}