{"cameraMode":{"drawMode":0,"name":"Shaded","section":"Shading Mode"},"sceneLighting":false,"audioPlay":false,"sceneViewState":{"showFog":true,"showMaterialUpdate":false,"showSkybox":false,"showFlares":true,"showImageEffects":true,"showParticleSystems":true},"in2DMode":false,"pivot":{"x":-0.02468562126159668,"y":2.999999761581421,"z":-0.05059695243835449},"rotation":{"x":0.22741705179214478,"y":0.05726145952939987,"z":-0.013331864960491658,"w":0.9720792770385742},"size":17.715087890625,"orthographic":false}