{"cameraMode":{"drawMode":0,"name":"Shaded","section":"Shading Mode"},"sceneLighting":true,"audioPlay":false,"sceneViewState":{"showFog":true,"showMaterialUpdate":false,"showSkybox":true,"showFlares":true,"showImageEffects":true,"showParticleSystems":true},"in2DMode":false,"pivot":{"x":44.31304931640625,"y":2.580261707305908,"z":31.08251953125},"rotation":{"x":0.4239753186702728,"y":-0.13067567348480225,"z":0.062118664383888248,"w":0.8940955996513367},"size":85.89403533935547,"orthographic":false}