{"cameraMode":{"drawMode":0,"name":"Shaded","section":"Shading Mode"},"sceneLighting":false,"audioPlay":false,"sceneViewState":{"showFog":true,"showMaterialUpdate":false,"showSkybox":false,"showFlares":true,"showImageEffects":true,"showParticleSystems":true},"in2DMode":false,"pivot":{"x":536.2938232421875,"y":315.4771728515625,"z":0.0},"rotation":{"x":-0.09196998924016953,"y":0.2804383337497711,"z":0.027005091309547426,"w":0.9550755023956299},"size":266.05450439453127,"orthographic":false}