{"cameraMode":{"drawMode":0,"name":"Shaded","section":"Shading Mode"},"sceneLighting":true,"audioPlay":false,"sceneViewState":{"showFog":true,"showMaterialUpdate":false,"showSkybox":true,"showFlares":true,"showImageEffects":true,"showParticleSystems":true},"in2DMode":false,"pivot":{"x":378.6818542480469,"y":433.41656494140627,"z":337.16290283203127},"rotation":{"x":-0.04048817232251167,"y":0.006596661638468504,"z":0.000267266936134547,"w":0.9991607069969177},"size":1008.046142578125,"orthographic":false}