{"cameraMode":{"drawMode":0,"name":"Shaded","section":"Shading Mode"},"sceneLighting":true,"audioPlay":false,"sceneViewState":{"showFog":true,"showMaterialUpdate":false,"showSkybox":true,"showFlares":true,"showImageEffects":true,"showParticleSystems":true},"in2DMode":false,"pivot":{"x":33.34621047973633,"y":-23.178260803222658,"z":3.2553062438964845},"rotation":{"x":0.4985671639442444,"y":0.012223957106471062,"z":-0.007032492663711309,"w":0.8667415976524353},"size":68.96450805664063,"orthographic":false}