{"cameraMode":{"drawMode":0,"name":"Shaded","section":"Shading Mode"},"sceneLighting":true,"audioPlay":false,"sceneViewState":{"showFog":true,"showMaterialUpdate":false,"showSkybox":true,"showFlares":true,"showImageEffects":true,"showParticleSystems":true},"in2DMode":false,"pivot":{"x":80.92499542236328,"y":497.5841979980469,"z":-7.9252777099609379},"rotation":{"x":0.23300176858901978,"y":0.22400282323360444,"z":-0.055268097668886188,"w":0.9447388052940369},"size":603.0772094726563,"orthographic":false}