{"cameraMode":{"drawMode":0,"name":"Shaded","section":"Shading Mode"},"sceneLighting":false,"audioPlay":false,"sceneViewState":{"showFog":true,"showMaterialUpdate":false,"showSkybox":false,"showFlares":true,"showImageEffects":true,"showParticleSystems":true},"in2DMode":false,"pivot":{"x":1.6717453002929688,"y":2.896604537963867,"z":-0.05587005615234375},"rotation":{"x":-0.18219752609729768,"y":-0.404397189617157,"z":0.08240087330341339,"w":-0.8925109505653381},"size":15.970915794372559,"orthographic":false}