{"cameraMode":{"drawMode":0,"name":"Shaded","section":"Shading Mode"},"sceneLighting":true,"audioPlay":false,"sceneViewState":{"showFog":true,"showMaterialUpdate":false,"showSkybox":true,"showFlares":true,"showImageEffects":true,"showParticleSystems":true},"in2DMode":false,"pivot":{"x":478.24139404296877,"y":432.7718811035156,"z":264.17559814453127},"rotation":{"x":0.09456736594438553,"y":0.18146948516368867,"z":-0.017477896064519883,"w":0.9787424802780151},"size":731.7404174804688,"orthographic":false}