{"cameraMode":{"drawMode":2,"name":"Shaded Wireframe","section":"Shading Mode"},"sceneLighting":true,"audioPlay":false,"sceneViewState":{"showFog":true,"showMaterialUpdate":false,"showSkybox":true,"showFlares":true,"showImageEffects":true,"showParticleSystems":true},"in2DMode":false,"pivot":{"x":181.3032989501953,"y":-84.4788818359375,"z":97.36234283447266},"rotation":{"x":0.5916825532913208,"y":0.07501984387636185,"z":-0.055261943489313129,"w":0.8008211851119995},"size":777.4290161132813,"orthographic":false}