{"cameraMode":{"drawMode":2,"name":"Shaded Wireframe","section":"Shading Mode"},"sceneLighting":true,"audioPlay":false,"sceneViewState":{"showFog":true,"showMaterialUpdate":false,"showSkybox":true,"showFlares":true,"showImageEffects":true,"showParticleSystems":true},"in2DMode":false,"pivot":{"x":18.66339874267578,"y":-17.81488037109375,"z":27.48367691040039},"rotation":{"x":0.5442682504653931,"y":0.04148394986987114,"z":-0.02696065604686737,"w":0.8374553918838501},"size":286.0527038574219,"orthographic":false}